"Issue ID","Issue Type","Summary","Description","Epic Name","Epic Link","Story Points","Priority","Labels"
"EP1","Epic","EP-01: Plataforma segura e integración con el ecosistema AVEIT","Contrato de integración; identidad; padrón; permisos; observabilidad y acceso seguro a datos legados.","EP-01 Plataforma e integración","","","","integracion"
"EP2","Epic","EP-02: Apertura y ciclo procesal del expediente","Creación T01; competencias; numeración; historial y seis estados reglamentarios; notificación inicial.","EP-02 Apertura y ciclo procesal","","","","expedientes"
"EP3","Epic","EP-03: Descargos, evidencia y plazos hábiles","Cómputo de cinco días hábiles; T02; T03; evidencia protegida y origen reglamentario de sanciones.","EP-03 Descargos y plazos","","","","descargos"
"EP4","Epic","EP-04: Sustanciación, decisión y resolución colegiada","Revisión probatoria; apartamientos/suplencias; votación nominal y resolución fundada.","EP-04 Decisión colegiada","","","","tribunal"
"EP5","Epic","EP-05: Firma, emisión y libro mayor inmutable","Firma por representación de socios Activos; emisión; notificaciones; puntos idempotentes; portal y alertas.","EP-05 Emisión y puntos","","","","ledger"
"EP6","Epic","EP-06: Auditoría, reconciliación y homologación","Balances del art. 137; migración/reconciliación; calidad; staging; transferencia y antecedentes.","EP-06 Auditoría y cierre","","","","auditoria"
"S1-01","Spike","S1-01: Definir contrato de integración y fuente maestra","Objetivo: decidir convivencia o reemplazo y documentar una ADR aprobada por Cómputos. CA1 inventario de APIs/tablas/versiones y propietarios validado; CA2 Socio, roles, PuntajeAplicado y PuntajeGeneral tienen fuente maestra definida; CA3 estrategia de escritura, rollback, privacidad y SLA documentada. Dependencia: acceso técnico al legado. Trazabilidad: documento modulo-tribunal-stack-y-modelos(2).md.","","EP1","2","Highest","sprint-1"
"S1-02","Task","S1-02: Baseline reproducible, healthchecks y secretos externos","CA1 Compose levanta frontend, backend y MySQL compatibles sin claves versionadas; CA2 healthchecks verifican aplicación y base; CA3 CI ejecuta lint y tests y publica resultado; CA4 existe .env.example sin secretos. Dependencia: S1-01 para parámetros de integración.","","EP1","2","Highest","sprint-1"
"S1-03","Story","S1-03: Autenticación y autorización compatibles con roles AVEIT","Como integrante de AVEIT quiero iniciar sesión y recibir sólo las funciones autorizadas para proteger información disciplinaria. CA1 credenciales inválidas devuelven 401 sin filtrar datos; CA2 permisos legados tribunal_bajo/medio/alto y cargos se mapean a RBAC documentado; CA3 las rutas verifican autorización de servidor y no sólo visibilidad UI; CA4 sesión/token expira y se audita sin registrar secretos.","","EP1","5","Highest","sprint-1"
"S1-04","Story","S1-04: Consumir el padrón institucional sin duplicar la fuente maestra","Como autoridad quiero consultar socios y subcomisiones vigentes desde la fuente institucional para evitar divergencias. CA1 adaptador de sólo lectura o réplica controlada definido por ADR; CA2 legajo y socio tienen identidad estable; CA3 la categoría Pasivo equivale a Junior y comprende 1.º–3.º, mientras Activo equivale a Senior y comprende 4.º–6.º; CA4 la vigencia de cuenta/membresía se modela por separado; CA5 fallas/sincronizaciones quedan observables. Trazabilidad: decisión PO 08/09/2026 y Estatuto 2026 arts. 3 y 6.","","EP1","3","Highest","sprint-1"
"S1-05","Story","S1-05: Ranking oficial reconciliado con el libro histórico","Como TD/CD quiero ordenar y filtrar el saldo verificable de los socios para supervisar su situación. CA1 saldo se deriva de PuntajeAplicado o fuente acordada; CA2 PuntajeGeneral se compara como caché y las diferencias se informan; CA3 filtros por categoría Pasivo/Activo y subcomisión, sin confundir categoría con vigencia; CA4 p95 menor o igual a 500 ms con 515 socios; CA5 importes usan decimal.","","EP1","5","Highest","sprint-1"
"S1-06","Story","S1-06: Buscar por nombre, legajo y subcomisión y abrir legajo","Como autoridad quiero localizar un socio y consultar su historial autorizado para investigar antecedentes. CA1 búsqueda insensible a mayúsculas/tildes; CA2 incluye legajo universitario de la fuente correcta; CA3 pagina resultados y evita N+1; CA4 un socio ordinario no accede a legajos ajenos; CA5 funciona en móvil 360 px.","","EP1","3","High","sprint-1"
"S2-01","Story","S2-01: Crear expediente con número único e historial de seis estados","Como integrante habilitado quiero abrir y seguir un expediente con trazabilidad completa. CA1 número único y correlativo; CA2 implementa exactamente los seis estados del art. 12; CA3 cada transición registra actor fecha y motivo y rechaza saltos; CA4 concurrencia no duplica numeración. Dependencia: S1-03/S1-04.","","EP2","3","Highest","sprint-2"
"S2-02","Story","S2-02: Cargar y validar T01 con anexo opcional","Como autoridad competente quiero presentar un T01 digital para iniciar formalmente la acción. CA1 captura campos exigidos por art. 16; CA2 el anexo del art. 16 bis es opcional y su ausencia no bloquea; CA3 validaciones se ejecutan en cliente y servidor; CA4 borrador no abre expediente ni notifica; CA5 emisión conserva versión inmutable.","","EP2","5","Highest","sprint-2"
"S2-03","Story","S2-03: Validar competencias de inicio de acción","Como sistema quiero comprobar la competencia del solicitante para impedir acciones improcedentes. CA1 reglas arts. 21–26 están parametrizadas y testeadas; CA2 rechazo explica regla sin exponer información ajena; CA3 excepciones requieren autoridad y motivo auditado; CA4 casos límite forman parte de pruebas de dominio.","","EP2","3","Highest","sprint-2"
"S2-04","Story","S2-04: Notificar apertura con entrega y reintentos auditables","Como socio imputado quiero recibir el acuse y enlace seguro para ejercer mi defensa. CA1 la transición al período de justificaciones ocurre sólo con evento de despacho acordado; CA2 plantilla identifica expediente sin datos médicos; CA3 fallo reintenta sin duplicar notificaciones y queda visible a operador; CA4 enlace exige autenticación; CA5 fecha base del plazo queda inmutable.","","EP2","5","Highest","sprint-2"
"S2-05","Story","S2-05: Visualizar tablero responsive de seis estados","Como TD quiero ver expedientes agrupados por estado reglamentario para priorizar trabajo. CA1 seis columnas/agrupaciones exactas; CA2 filtros por número socio fecha y estado; CA3 movimiento sólo invoca transiciones autorizadas; CA4 teclado lector de pantalla y móvil no pierden funcionalidad; CA5 no usa colores arbitrarios fuera de DESIGN.md.","","EP2","2","High","sprint-2"
"S3-01","Story","S3-01: Configurar calendario institucional de días hábiles","Como administrador autorizado quiero mantener feriados/excepciones para que los plazos sean reproducibles. CA1 fines de semana y feriados se excluyen; CA2 cambios tienen vigencia versión y auditoría; CA3 un plazo iniciado conserva la versión aplicada; CA4 zona horaria America/Argentina/Buenos_Aires.","","EP3","3","Highest","sprint-3"
"S3-02","Story","S3-02: Calcular y cerrar el plazo de cinco días hábiles","Como socio quiero conocer el vencimiento exacto y presentar mientras el plazo esté vigente. CA1 cálculo parte del evento definido en S2-04; CA2 servidor acepta hasta el instante límite y rechaza después; CA3 UI muestra fecha/hora además de contador; CA4 vencimiento transiciona una sola vez aunque el job se repita; CA5 pruebas cubren feriados y cambio de día.","","EP3","3","Highest","sprint-3"
"S3-03","Story","S3-03: Presentar T02 tipificado y firmado","Como socio imputado quiero completar el T02 estructurado para justificar con una causal prevista. CA1 contiene los cuatro bloques del art. 17; CA2 sólo permite causales vigentes y conserva versión; CA3 requiere firma aclaración y número de socio según mecanismo aprobado; CA4 permite guardar borrador y enviar una única versión final; CA5 acuse de recepción sin revelar datos sensibles.","","EP3","5","Highest","sprint-3"
"S3-04","Story","S3-04: Adjuntar y custodiar evidencia protegida","Como socio quiero aportar evidencia desde móvil sin que terceros accedan a datos sensibles. CA1 PDF/JPG/PNG hasta 5 MB por archivo y límites configurables; CA2 valida tipo real nombre seguro y malware cuando infraestructura lo permita; CA3 acceso por objeto sólo a partes autorizadas; CA4 descarga queda auditada; CA5 la UI advierte que la aceptación digital no reemplaza automáticamente el original médico del art. 102.","","EP3","3","Highest","sprint-3"
"S3-05","Story","S3-05: Presentar T03 extraordinario con fundamento libre","Como socio imputado quiero exponer una causal no tipificada para que el TD la valore fundadamente. CA1 distingue T03 de T02; CA2 texto y evidencia quedan versionados al enviar; CA3 respeta el mismo plazo y controles de acceso; CA4 el TD debe vincular fundamento/precedente al decidir.","","EP3","3","High","sprint-3"
"S3-06","Story","S3-06: Incorporar sanciones originadas en reuniones y solicitudes","Como autoridad competente quiero transformar asistencia y solicitudes aprobadas en propuestas trazables. CA1 valida publicación de reunión con dos días hábiles y reporte dentro de 72 horas hábiles; CA2 no sanciona eventos que no cumplen requisitos; CA3 escala admite valores de 0,5 incluido 1,5; CA4 cada tres apercibimientos generan -1 una sola vez; CA5 integración no escribe saldo manualmente. Trazabilidad: Reglamento Interno arts. 83 85 95 99 y 100.","","EP3","2","High","sprint-3"
"S4-01","Story","S4-01: Revisar expediente y evidencia en un visor autorizado","Como integrante habilitado del TD quiero revisar T01 T02/T03 y evidencia en un único flujo para sustanciar. CA1 vista cronológica y documentos íntegros; CA2 datos médicos sólo para autorizados; CA3 toda consulta/descarga sensible se audita; CA4 faltantes o archivos dañados son visibles; CA5 responsive y accesible.","","EP4","5","Highest","sprint-4"
"S4-02","Story","S4-02: Resolver causal T02 con fundamento trazable","Como vocal quiero aceptar o rechazar cada causal tipificada con fundamento para producir una decisión auditable. CA1 decisión por causal y evidencia; CA2 exige fundamento al rechazar o apartarse de regla; CA3 conserva autor/fecha/versión; CA4 no modifica el descargo presentado.","","EP4","3","Highest","sprint-4"
"S4-03","Story","S4-03: Valorar T03 mediante antecedentes y sana crítica","Como vocal quiero registrar la valoración extraordinaria y antecedentes aplicados para mantener consistencia. CA1 exige fundamento explícito; CA2 permite vincular resoluciones emitidas autorizadas; CA3 advierte diferencias no impide decisión; CA4 la información médica no se publica.","","EP4","3","High","sprint-4"
"S4-04","Story","S4-04: Gestionar apartamiento y suplencia conforme al Estatuto","Como TD quiero constituir correctamente el cuerpo cuando un integrante está involucrado. CA1 tres titulares y tres suplentes por 4.º 5.º y 6.º; CA2 no implementa recusación prohibida por art. 93; CA3 aplica apartamiento/suplencia o caso ad hoc del art. 95; CA4 composición y causa quedan inmutables antes de votar; CA5 incompatibilidad de cargos se valida.","","EP4","3","Highest","sprint-4"
"S4-05","Story","S4-05: Registrar voto nominal y mayoría absoluta","Como vocal habilitado quiero votar nominalmente con fundamento para adoptar una decisión colegiada. CA1 un voto por integrante habilitado y expediente; CA2 no puede editarse tras cerrar salvo rectificación formal autorizada; CA3 mayoría se calcula sobre composición estatutaria efectiva y cubre 2 de 3 ordinario; CA4 abstención/ausencia siguen regla aprobada; CA5 concurrencia e idempotencia probadas.","","EP4","5","Highest","sprint-4"
"S4-06","Story","S4-06: Redactar resolución con estructura reglamentaria","Como TD quiero generar la resolución con Vistos Considerandos y artículos resolutivos para formalizar la decisión. CA1 usa el número del expediente; CA2 plantilla versionada y campos obligatorios; CA3 puntos/medidas derivan de la votación cerrada; CA4 previsualización PDF no equivale a emisión; CA5 no contiene adjuntos privados.","","EP4","3","Highest","sprint-4"
"S5-01","Story","S5-01: Firmar resolución por representación de los tres grupos Activos","Como vocal habilitado de categoría Activo quiero firmar la resolución cerrada para acreditar conformidad colegiada. CA1 una firma válida por grupo 4.º, 5.º y 6.º o composición ad hoc documentada; CA2 firma se asocia al hash real del documento y no es simulada; CA3 cambio invalida firmas previas; CA4 mecanismo PIN/credencial se implementa según ADR aprobada; CA5 auditoría no guarda secretos.","","EP5","5","Highest","sprint-5"
"S5-02","Story","S5-02: Emitir resolución y notificar sin duplicados","Como sistema quiero enviar la resolución firmada y pasar a Emitido para cerrar el proceso. CA1 estado 5 mientras faltan correos y estado 6 sólo tras despacho acordado; CA2 reintentos idempotentes; CA3 destinatarios y resultado auditados; CA4 archivo emitido es inmutable y verificable; CA5 no se reabren causas de TD anterior salvo regla expresamente habilitada.","","EP5","3","Highest","sprint-5"
"S5-03","Story","S5-03: Aplicar movimientos de puntos inmutables e idempotentes","Como sistema quiero acreditar la resolución en el libro mayor una sola vez para preservar saldos. CA1 transacción atómica vinculada a resolución emitida y socio; CA2 restricción única impide doble aplicación; CA3 no existen UPDATE/DELETE manuales de saldo; CA4 importe Decimal admite 0,5 y 1,5; CA5 reversión sólo mediante contramovimiento autorizado; CA6 reconciliación con legado queda registrada.","","EP5","5","Highest","sprint-5"
"S5-04","Story","S5-04: Consultar Mis expedientes con privacidad por objeto","Como socio quiero ver mis expedientes y resoluciones para conocer mi situación. CA1 sólo propios salvo rol autorizado; CA2 muestra estado y fechas sin deliberación reservada; CA3 descarga resolución emitida; CA4 T02/T03 y evidencia no son públicos; CA5 mobile-first y accesible.","","EP5","3","High","sprint-5"
"S5-05","Story","S5-05: Publicar resoluciones con datos protegidos","Como comunidad autorizada quiero consultar fallos emitidos para promover transparencia sin exponer evidencia sensible. CA1 sólo resolución final emitida; CA2 política de anonimización/visibilidad aprobada; CA3 nunca publica certificados ni adjuntos; CA4 búsqueda respeta permisos y registra acceso cuando corresponda.","","EP5","2","High","sprint-5"
"S5-06","Story","S5-06: Alertar umbral crítico -10 y política preventiva configurable","Como autoridad quiero recibir alertas de saldos críticos para actuar conforme al reglamento. CA1 saldo negativo de 10 o más genera alerta crítica única por cruce; CA2 destinatario y acción siguen acto aprobado; CA3 umbral -7 está desactivable/configurable hasta validar Circular 001/2026; CA4 reversiones reevalúan sin borrar historial; CA5 no se notifica información médica.","","EP5","2","Highest","sprint-5"
"S6-01","Story","S6-01: Consolidar balance cuatrimestral por subcomisión y autoridad","Como Vicepresidencia/Auditoría Interna quiero consolidar premios y sanciones para cumplir el art. 137. CA1 período cuatrimestral y dos emisiones anuales; CA2 desglose por subcomisión/autoridad y totales reconciliables; CA3 TD recibe el informe pero no se modela como único propietario; CA4 acceso y generación auditados; CA5 fuente es el libro mayor reconciliado.","","EP6","5","Highest","sprint-6"
"S6-02","Story","S6-02: Exportar balance verificable en PDF y datos abiertos internos","Como autoridad autorizada quiero exportar el balance para presentarlo ante CD. CA1 PDF institucional con período filtros totales y fecha; CA2 exportación CSV preserva decimales; CA3 archivo incluye identificador/hash verificable; CA4 datos personales se limitan según audiencia; CA5 diseño imprime correctamente.","","EP6","3","High","sprint-6"
"S6-03","Story","S6-03: Buscar resoluciones como antecedentes internos","Como TD quiero buscar resoluciones emitidas por causal y texto para orientar decisiones consistentes. CA1 sólo documentos autorizados; CA2 filtros por causal fecha resultado y puntos; CA3 enlace a expediente respeta permisos; CA4 no convierte antecedentes en regla automática. Alcance stretch: se inicia sólo si no compromete homologación.","","EP6","3","Medium","sprint-6,stretch"
"S6-04","Task","S6-04: Migrar y reconciliar datos legados con rollback probado","CA1 alcance y mapeo aprobados; CA2 ensayo en copia no productiva con conteos hashes y diferencias; CA3 movimientos y expedientes no se duplican; CA4 rollback restaura estado previo sin DELETE manual de libro mayor; CA5 informe de reconciliación firmado por responsable. Dependencia: S1-01 y acceso a backup controlado.","","EP6","5","Highest","sprint-6"
"S6-05","Task","S6-05: Ejecutar hardening, accesibilidad, rendimiento y E2E","CA1 suite crítica end-to-end cubre T01 a emisión y puntos; CA2 dominio tiene cobertura al menos 80 por ciento; CA3 controles OWASP y autorización por objeto verificados; CA4 WCAG del flujo principal y viewports 360–414 validados; CA5 p95 y prueba de 50 concurrentes cumplen objetivos; CA6 no hay secretos ni datos sensibles en logs.","","EP6","5","Highest","sprint-6"
"S6-06","Task","S6-06: Desplegar staging y completar homologación/transferencia","CA1 migraciones y rollback ejecutados en staging; CA2 OpenAPI y runbook de operación/incidentes actualizados; CA3 monitoreo backups y restauración probados; CA4 UAT firmado por Product Owner TD y Cómputos; CA5 pendientes y deuda quedan registrados con responsable y fecha.","","EP6","3","Highest","sprint-6"
"PB-01","Story","PB-01: Gestionar caso interno y promoverlo a T01","Como TD quiero registrar una solicitud de socio o actuación de oficio entrevistas y debate para decidir si corresponde iniciar un T01. CA1 identifica origen y autoridad; CA2 registra entrevistas con permisos y trazabilidad; CA3 comunica la decisión a involucrados; CA4 la promoción genera T01 enlazado sin duplicar evidencia; CA5 el cierre sin T01 queda fundado. Pendiente: reglas de plazo publicidad y conservación. Trazabilidad: diagrama art. 15 Reglamento Procesal 2026.","","EP2","5","High","backlog,decision-pendiente"
"PB-02","Story","PB-02: Tramitar apelación y adecuación del T01","Como involucrado quiero apelar el T01 por el canal formal para que el TD debata y comunique cualquier adecuación. CA1 apelación vía canal aprobado y plazo parametrizado; CA2 debate puede adecuar puntos e involucrados sin borrar versión original; CA3 motivos se notifican a solicitante y solicitado; CA4 resolución final conserva trazabilidad; CA5 impacto en estados y derecho de defensa aprobado por TD. Trazabilidad: diagrama art. 14 Reglamento Procesal 2026.","","EP4","5","High","backlog,decision-pendiente"
"PB-03","Story","PB-03: Implementar enmienda controlada de expediente emitido","Como autoridad habilitada quiero enmendar una resolución sólo en los supuestos reglamentarios para corregir sin destruir el historial. CA1 actor plazo y causales se definen mediante decisión institucional; CA2 resolución emitida original permanece inmutable; CA3 enmienda crea nueva versión y contramovimientos idempotentes si afecta puntos; CA4 no permite a una gestión posterior alterar decisiones prohibidas; CA5 notifica y audita el ciclo completo. Bloqueada hasta conciliar art. 13 y regla de irrevisabilidad.","","EP5","3","High","backlog,decision-pendiente"
