"Issue Type","Summary","Description","Epic Name","Epic Link","Story Points","Priority","Labels"
"Epic","EP-01: Núcleo de Socios, Autenticación y Ranking Oficial","Gestión de acceso seguro bajo RBAC, perfiles con categoría estatutaria (Junior/Senior), buscador avanzado por legajo y ranking oficial de puntos.","EP-01: Núcleo y Ranking",,"15","High","sprint-1,seguridad,ranking"
"Epic","EP-02: Gestión de Expedientes y Formularios Procesales (T01/T02/T03)","Apertura formal de expedientes con T01 y Anexo, validación de competencias (Arts. 21-26), tablero de 6 estados y descargos T02/T03.","EP-02: Expedientes y Formularios",,"29","High","sprint-2,sprint-3,expedientes"
"Epic","EP-03: Notificaciones Automáticas y Plazos Preclusivos","Despacho automatizado de acuses de sanción por correo electrónico y control milimétrico del plazo perentorio de 5 días hábiles.","EP-03: Notificaciones y Plazos",,"10","High","sprint-2,sprint-3,notificaciones"
"Epic","EP-04: Sustanciación, Votación Nominal y Firma Colegiada","Módulo Justificaciones del TD, gestión de inhibiciones y suplencias, deliberación remota con votación nominal y firma colegiada Senior.","EP-04: Votación y Firma",,"26","High","sprint-4,tribunal,firma"
"Epic","EP-05: Sumatoria Transaccional Inmutable de Puntos, Publicación y Alarmas","Asiento contable inmutable sin UPDATE manual, portal Mis Expedientes y motor de alarmas preventivas (-7 pts) y críticas (-10 pts).","EP-05: Sumatoria y Alarmas",,"15","High","sprint-5,ledger,alarmas"
"Epic","EP-06: Auditoría Interna, Balances Cuatrimestrales (Art. 137) y Jurisprudencia","Balances cuatrimestrales automáticos en PDF, repositorio de jurisprudencia y homologación final con la Subcomisión de Cómputos.","EP-06: Balances y Auditoría",,"18","High","sprint-6,balances,auditoria"
"Story","US-01: Autenticación con Roles RBAC y Categorización Estatutaria","Como socio o autoridad de AVEIT, quiero autenticarme con mis credenciales institucionales y que el sistema identifique mi rol y categoría estatutaria (Junior o Senior), para acceder de forma segura a mis funciones.",,"EP-01: Núcleo y Ranking","5","High","sprint-1,auth,jwt"
"Story","US-02: Visualización y Filtrado del Ranking Oficial de Puntos","Como integrante del TD o CD, quiero consultar el ranking consolidado de puntos (+/-) de los ~515 socios filtrando por categoría y subcomisión, para supervisar el desempeño y emitir informes.",,"EP-01: Núcleo y Ranking","5","High","sprint-1,ranking"
"Story","US-03: Buscador Avanzado y Auditoría de Legajo de Socio","Como miembro del TD o CD, quiero buscar a cualquier socio por nombre, legajo universitario o subcomisión y abrir su legajo disciplinario, para auditar sus antecedentes y saldo neto.",,"EP-01: Núcleo y Ranking","5","High","sprint-1,buscador,legajo"
"Story","US-04: Solicitud de Apertura con Formulario T01 y Hoja de Anexo","Como autoridad habilitada (CD, TD o Presidente de Subcomisión), quiero cargar digitalmente una solicitud T01 con hoja de Anexo detallando hechos probados y sanción propuesta, para abrir una causa formal.",,"EP-02: Expedientes y Formularios","8","High","sprint-2,t01,expediente"
"Story","US-05: Validación Automática de Competencias de Inicio de Acciones","Como sistema, quiero validar automáticamente que el solicitante del T01 posea competencia reglamentaria sobre el imputado (Arts. 21 a 26), para rechazar de plano pedidos improcedentes.",,"EP-02: Expedientes y Formularios","3","High","sprint-2,competencias,reglas"
"Story","US-06: Despacho Automatizado de Acuses de Sanción por Correo Electrónico","Como socio imputado, quiero recibir un correo formal con el acuse de sanción y enlace directo al sistema tras la apertura del expediente, para tomar conocimiento fehaciente del proceso.",,"EP-03: Notificaciones y Plazos","5","High","sprint-2,email,notificaciones"
"Story","US-07: Tablero de Control de los 6 Estados Procesales del Expediente","Como integrante del TD, quiero visualizar y gestionar los expedientes clasificados en sus 6 estados oficiales en un tablero interactivo, para dar seguimiento secuencial al flujo de trabajo.",,"EP-02: Expedientes y Formularios","8","High","sprint-2,tablero,kanban"
"Story","US-08: Control y Temporizador Automático de Plazo Preclusivo (5 Días Hábiles)","Como sistema, quiero computar de forma continua el plazo perentorio de 5 días hábiles y mostrar un reloj regresivo, para bloquear la carga extemporánea de descargos y cambiar el estado del expediente.",,"EP-03: Notificaciones y Plazos","5","High","sprint-3,temporizador,daemon"
"Story","US-09: Presentación de Justificación Tipificada (Formulario T02)","Como socio imputado, quiero completar el Formulario T02 seleccionando una causal reglamentaria y adjuntar certificados médicos o pasajes desde mi smartphone, para ejercer mi derecho de defensa.",,"EP-02: Expedientes y Formularios","8","High","sprint-3,t02,descargos"
"Story","US-10: Presentación de Descargos Extraordinarios (Formulario T03)","Como socio imputado, quiero presentar un descargo T03 exponiendo circunstancias extraordinarias no tipificadas con pruebas adjuntas, para que sean valoradas bajo sana crítica por el Tribunal.",,"EP-02: Expedientes y Formularios","5","High","sprint-3,t03,descargos"
"Story","US-11: Módulo 'Justificaciones' y Sustanciación Probatoria del TD","Como integrante del TD, quiero evaluar en un visor unificado la solicitud T01, los descargos T02/T03 y los comprobantes adjuntos, para dictaminar la aprobación o rechazo fundado de cada justificación.",,"EP-04: Votación y Firma","8","High","sprint-4,justificaciones,dictamen"
"Story","US-12: Gestión de Inhibiciones, Recusaciones y Asignación de Suplentes","Como miembro del TD, quiero registrar mi inhibición en expedientes donde promoví la acción o tengo conflicto de interés, para que el sistema asigne automáticamente a un vocal suplente habilitado.",,"EP-04: Votación y Firma","5","High","sprint-4,inhibiciones,quorum"
"Story","US-13: Deliberación Remota, Votación Nominal Fundada y Redacción","Como vocal habilitado del TD en sesión virtual, quiero registrar individualmente mi voto nominal fundamentado y redactar la resolución (Vistos, Considerandos y Resolución), para alcanzar mayoría absoluta.",,"EP-04: Votación y Firma","8","High","sprint-4,votacion,resolucion"
"Story","US-14: Formalización mediante Firma Colegiada de Socios Seniors","Como vocal titular del TD (Socio Senior), quiero estampar mi firma colegiada digital reforzada sobre la resolución aprobada, para dar validez jurídica al fallo y autorizar su promulgación oficial.",,"EP-04: Votación y Firma","5","High","sprint-4,firma,seniors"
"Story","US-15: Sumatoria Transaccional e Inmutable del Saldo de Puntos (+/-)","Como sistema, quiero actualizar de forma atómica y auditada el saldo del socio tras la firma de la resolución, para erradicar sentencias manuales UPDATE en MySQL y garantizar inmutabilidad histórica.",,"EP-05: Sumatoria y Alarmas","5","High","sprint-5,ledger,transacciones"
"Story","US-16: Portal 'Mis Expedientes' y Publicación Transparente de Fallos","Como socio activo, quiero consultar desde mi celular mis expedientes en trámite y las resoluciones públicas promulgadas por el TD, para contar con máxima transparencia procesal.",,"EP-05: Sumatoria y Alarmas","5","High","sprint-5,portal,transparencia"
"Story","US-17: Motor de Alarmas Escalonadas por Umbral Crítico (-7 y -10 Puntos)","Como sistema, quiero evaluar el saldo acumulado tras cada impacto y disparar alertas preventivas a los -7 puntos y alertas críticas de pérdida de condición de socio a los -10 puntos a CD y Fiscalizadora.",,"EP-05: Sumatoria y Alarmas","5","High","sprint-5,alarmas,estatuto"
"Story","US-18: Generación Automatizada y Exportación de Balances Cuatrimestrales (Art. 137)","Como autoridad del TD, quiero compilar con un solo clic el Balance Cuatrimestral de Auditoría Interna desglosado por subcomisión y categoría social en PDF, para rendir cuentas ante CD y Asamblea.",,"EP-06: Balances y Auditoría","8","High","sprint-6,balances,pdf"
"Story","US-19: Repositorio y Buscador de Antecedentes y Jurisprudencia Interna","Como integrante del TD, quiero buscar resoluciones históricas por causal o palabra clave, para aplicar escalas de puntos homogéneas y previsibles conforme a la jurisprudencia de AVEIT.",,"EP-06: Balances y Auditoría","5","Medium","sprint-6,jurisprudencia"
"Task","US-20: Pruebas de Homologación E2E, Despliegue en Staging y Transferencia","Como equipo de desarrollo, queremos validar la suite E2E, verificar compatibilidad en staging con el servidor central de AVEIT y documentar la API OpenAPI, para concretar la transferencia a Cómputos.",,"EP-06: Balances y Auditoría","5","High","sprint-6,qa,staging,homologacion"
